district,spec_election_year,death_cycle,spec_cycle,spec_member,spec_party,resign_date,death_date,spec_election_date,spec_gen_elect_date,death_gen_elect_date,cause_vacancy,death_age,death_cause,death_unexpected,resign_year,spec_election_Congress,spec_election_Original_candidate,spec_election_Cause_of_vacancy,spec_Winner,Wiki_link_spec_member,original_district,dead_member_margin,spec_winner_margin,runoff
AK01,2022.0,2022,2022,Don Young,R,2022-03-18,2022-03-18,2022-08-16,2022-11-08,2022-11-08,Death,88.0,Unspecified natural causes,0.0,2022.0,117th,Don Young (R),"Died March 18, 2022",Mary Peltola (D),https://en.wikipedia.org/wiki/Don_Young,,0.09100000000000001,0.03,1.0
AL01,2013.0,,2014,Jo Bonner,R,,,2013-12-17,2014-11-04,,Resigned,,,,,113th,Jo Bonner (R),"Resigned August 2, 2013",Bradley Byrne (R),https://en.wikipedia.org/wiki/Jo_Bonner,,,,
AL03,1989.0,1990,1990,William F. Nichols,D,1988-12-13,1988-12-13,1989-04-04,1990-11-06,1990-11-06,Death,70.0,Heart attack,1.0,1988.0,101st,William F. Nichols,Died,Glen Browder (D),https://en.wikipedia.org/wiki/William_Flynt_Nichols,AL03,0.9219999999999999,0.30580000000000007,
AR03,2001.0,,2002,Asa Hutchinson,R,,,2001-11-20,2002-11-05,,Resigned,,,,,107th,Asa Hutchinson (R),"Resigned August 6, 2001",John Boozman (R),https://en.wikipedia.org/wiki/Asa_Hutchinson,,,,
AZ02,1991.0,,1992,Mo Udall,D,,,1991-10-03,1992-11-03,,Resigned,,,,,102nd,Mo Udall (D),Resigned,Ed Pastor (D),https://en.wikipedia.org/wiki/Mo_Udall,,,,
AZ08,2012.0,,2012,Gabby Giffords,D,,,2012-06-12,2012-11-06,,Resigned,,,,,112th,Gabby Giffords (D),Resigned,Ron Barber (D),https://en.wikipedia.org/wiki/Gabby_Giffords,,,,
AZ08,2018.0,,2018,Trent Franks,R,,,2018-04-24,2018-11-06,,Resigned,,,,,115th,Trent Franks (R),"Resigned December 8, 2017",Debbie Lesko (R),https://en.wikipedia.org/wiki/Trent_Franks,,,,
CA05,2005.0,2006,2006,Bob Matsui,D,2005-01-01,2005-01-01,2005-03-08,2006-11-07,2006-11-07,Death,63.0,Myelodysplastic syndrome,0.0,2005.0,109th,Bob Matsui (D),"Bob Matsui (D) died January 1, 2005, before the end of previous Congress",Doris Matsui (D),,,0.4800000000000001,0.6108,
CA05,1983.0,1984,1984,Phillip Burton,D,1983-04-10,1983-04-10,1983-06-21,1984-11-06,1984-11-06,Death,56.0,Thrombosis,1.0,1983.0,98th,Phillip Burton (D),Died,Sala Burton (D),https://en.wikipedia.org/wiki/Phillip_Burton,CA05,0.174,0.3367,
CA05,1987.0,1988,1988,Sala Burton,D,1987-02-01,1987-02-01,1987-04-07,1988-11-08,1988-11-08,Death,61.0,Colon cancer,0.0,1987.0,100th,Sala Burton (D),Died,Nancy Pelosi (D),https://en.wikipedia.org/wiki/Sala_Burton,CA05,0.531,0.3268,1.0
CA09,1998.0,,1998,Ron Dellums,D,,,1998-04-07,1998-11-03,,Resigned,,,,,105th,Ron Dellums (D),Resigned,Barbara Lee (D),https://en.wikipedia.org/wiki/Ron_Dellums,,,,
CA10,2009.0,,2010,Ellen Tauscher,D,,,2009-11-03,2010-11-02,,Resigned,,,,,111th,Ellen Tauscher (D),Resigned,John Garamendi (D),https://en.wikipedia.org/wiki/Ellen_Tauscher,,,,
CA11,1979.0,1980,1980,Leo Ryan,D,1978-11-18,1978-11-18,1979-04-03,1980-11-04,1980-11-04,Death,53.0,Assassinated during the Jonestown massacre in Guyana,1.0,1978.0,96th,Leo Ryan (D),Died,William Royer (R),https://en.wikipedia.org/wiki/Leo_Ryan,CA11,0.249,0.16199999999999995,
CA12,2008.0,2008,2008,Tom Lantos,D,2008-02-11,2008-02-11,2008-04-08,2008-11-04,2008-11-04,Death,80.0,Esophageal cancer,0.0,2008.0,110th,Tom Lantos (D),"Died February 11, 2008",Jackie Speier (D),https://en.wikipedia.org/wiki/Tom_Lantos,,0.5219999999999999,0.6835,
CA15,1995.0,,1996,Norman Mineta,D,,,1995-12-12,1996-11-05,,Resigned,,,,,104th,Norman Mineta (D),Resigned,Tom Campbell (R),https://en.wikipedia.org/wiki/Norman_Mineta,,,,
CA15,1989.0,,1990,Tony Coelho,D,,,1989-09-12,1990-11-06,,Resigned,,,,,101st,Tony Coelho (D),Resigned,Gary Condit (D),https://en.wikipedia.org/wiki/Tony_Coelho,,,,
CA17,1993.0,,1994,Leon Panetta,D,,,1993-06-08,1994-11-08,,Resigned,,,,,103rd,Leon Panetta (D),Resigned,Sam Farr (D),https://en.wikipedia.org/wiki/Leon_Panetta,,,,
CA20,2024.0,,2024,Kevin McCarthy,R,,,2024-05-21,2024-11-05,,Resigned,,,,,118th,Kevin McCarthy (R),"Resigned December 31, 2023",Vince Fong (R),https://en.wikipedia.org/wiki/Kevin_McCarthy,,,,
CA22,2022.0,,2022,Devin Nunes,R,,,2022-06-07,2022-11-08,,Resigned,,,,,117th,Devin Nunes (R),"Resigned January 1, 2022",Connie Conway (R),https://en.wikipedia.org/wiki/Devin_Nunes,,,,
CA22,1998.0,1998,1998,Walter Capps,D,1997-10-28,1997-10-28,1998-03-10,1998-11-03,1998-11-03,Death,63.0,Heart attack,1.0,1997.0,105th,Walter Capps (D),"Died October 28, 1997",Lois Capps (D),https://en.wikipedia.org/wiki/Walter_Capps,,0.04230000000000004,0.0868,
CA25,2020.0,,2020,Katie Hill,D,,,2020-05-12,2020-11-03,,Resigned,,,,,116th,Katie Hill (D),"Resigned November 3, 2019",Mike Garcia (R),https://en.wikipedia.org/wiki/Katie_Hill,,,,
CA30,1982.0,,1982,George E,D,,,1982-07-13,1982-11-02,,Resigned,,,,,97th,George E. Danielson (D),Resigned,Matthew G. Martinez (D),https://en.wikipedia.org/wiki/George_E._Danielson,,,,
CA32,2009.0,,2010,Hilda Solis,D,,,2009-07-14,2010-11-02,,Resigned,,,,,111th,Hilda Solis (D),Resigned,Judy Chu (D),https://en.wikipedia.org/wiki/Hilda_Solis,,,,
CA32,2001.0,2002,2002,Julian Dixon,D,2000-12-08,2000-12-08,2001-06-05,2002-11-05,2002-11-05,Death,66.0,Heart attack,1.0,2000.0,107th,Julian Dixon (D),"Julian Dixon (D) died December 8, 2000, during the previous Congress",Diane Watson (D),,,0.714,0.5492,
CA34,2017.0,,2018,Xavier Becerra,D,,,2017-06-06,2018-11-06,,Resigned,,,,,115th,Xavier Becerra (D),"Resigned January 24, 2017",Jimmy Gomez (D),https://en.wikipedia.org/wiki/Xavier_Becerra,,,,
CA36,2011.0,,2012,Jane Harman,D,,,2011-07-12,2012-11-06,,Resigned,,,,,112th,Jane Harman (D),Resigned,Janice Hahn (D),https://en.wikipedia.org/wiki/Jane_Harman,,,,
CA37,2007.0,2008,2008,Juanita Millender-McDonald,D,2007-04-22,2007-04-22,2007-08-21,2008-11-04,2008-11-04,Death,68.0,Colon cancer,0.0,2007.0,110th,Juanita Millender-McDonald (D),"Died April 22, 2007",Laura Richardson (D),https://en.wikipedia.org/wiki/Juanita_Millender-McDonald,,0.6480000000000001,0.4100999999999999,
CA37,1996.0,,1996,Walter R,D,,,1996-03-26,1996-11-05,,Resigned,,,,,104th,Walter R. Tucker III (D),Resigned,Juanita Millender-McDonald (D),https://en.wikipedia.org/wiki/Walter_R._Tucker_III,,,,
CA42,1999.0,2000,2000,George Brown Jr.,D,1999-07-15,1999-07-15,1999-11-16,2000-11-07,2000-11-07,Death,79.0,Infection following heart valve replacement,1.0,1999.0,106th,George Brown Jr. (D),Died,Joe Baca (D),https://en.wikipedia.org/wiki/George_Brown_Jr.,CA42,0.15,0.05699999999999996,
CA44,1998.0,1998,1998,Sonny Bono,R,1998-01-05,1998-01-05,1998-04-07,1998-11-03,1998-11-03,Death,62.0,Skiing accident,1.0,1998.0,105th,Sonny Bono (R),"Died January 5, 1998",Mary Bono (R),https://en.wikipedia.org/wiki/Sonny_Bono,,0.19200000000000003,0.3514,
CA48,2005.0,,2006,Christopher Cox,R,,,2005-12-06,2006-11-07,,Resigned,,,,,109th,Christopher Cox (R),Resigned,John Campbell (R),https://en.wikipedia.org/wiki/Christopher_Cox,,,,
CA50,2006.0,,2006,Duke Cunningham,R,,,2006-06-06,2006-11-07,,Resigned,,,,,109th,Duke Cunningham (R),Resigned,Brian Bilbray (R),https://en.wikipedia.org/wiki/Duke_Cunningham,,,,
CO04,2024.0,,2024,Ken Buck,R,,,2024-06-25,2024-11-05,,Resigned,,,,,118th,Ken Buck (R),"Resigned March 22, 2024",Greg Lopez (R),https://en.wikipedia.org/wiki/Ken_Buck,,,,
CO06,1983.0,1984,1984,Jack Swigert,D,1982-12-27,1982-12-27,1983-03-29,1984-11-06,1984-11-06,Death,51.0,Bone marrow cancer,0.0,1982.0,98th,Jack Swigert (D),"Representative-elect Jack Swigert (R) died December 27, 1982",Dan Schaefer (R),,,0.266,0.28,
CT01,1982.0,1982,1982,William R. Cotter,D,1981-09-08,1981-09-08,1982-01-12,1982-11-02,1982-11-02,Death,55.0,Pancreatic cancer,0.0,1981.0,97th,William Cotter (D),Died,Barbara B. Kennelly (D),https://en.wikipedia.org/wiki/William_R._Cotter_(politician),CT01,0.26,0.17599999999999993,
CT04,1987.0,1988,1988,Stewart McKinney,R,1987-05-07,1987-05-07,1987-08-18,1988-11-08,1988-11-08,Death,56.0,AIDS-complicated pneumocystis pneumonia,0.0,1987.0,100th,Stewart McKinney (R),Died,Chris Shays (R),https://en.wikipedia.org/wiki/Stewart_McKinney_(politician),CT04,0.07,0.1497,
FL01,2001.0,,2002,Joe Scarborough,R,,,2001-10-16,2002-11-05,,Resigned,,,,,107th,Joe Scarborough (R),"Resigned September 5, 2001",Jeff Miller (R),https://en.wikipedia.org/wiki/Joe_Scarborough,,,,
FL13,2014.0,2014,2014,Bill Young,R,2013-10-18,2013-10-18,2014-03-11,2014-11-04,2014-11-04,Death,82.0,Multiple myeloma,0.0,2013.0,113th,Bill Young (R),"Died October 18, 2013",David Jolly (R),https://en.wikipedia.org/wiki/Bill_Young_(Florida_politician),,0.15200000000000002,0.01799999999999997,
FL18,1989.0,1990,1990,Claude Pepper,D,1989-05-30,1989-05-30,1989-08-29,1990-11-06,1990-11-06,Death,88.0,Complications from nutritional deficiencies and malignancy,0.0,1989.0,101st,Claude Pepper (D),Died,Ileana Ros-Lehtinen (R),https://en.wikipedia.org/wiki/Claude_Pepper,FL18,1.0,0.0629,
FL19,2010.0,,2010,Robert Wexler,D,,,2010-04-13,2010-11-02,,Resigned,,,,,111th,Robert Wexler (D),Resigned,Ted Deutch (D),https://en.wikipedia.org/wiki/Robert_Wexler,,,,
FL19,2014.0,,2014,Trey Radel,R,,,2014-06-24,2014-11-04,,Resigned,,,,,113th,Trey Radel (R),"Resigned January 27, 2014",Curt Clawson (R),https://en.wikipedia.org/wiki/Trey_Radel,,,,
FL20,2022.0,2022,2022,Alcee Hastings,D,2021-04-06,2021-04-06,2022-01-11,2022-11-08,2022-11-08,Death,84.0,Pancreatic cancer,0.0,2021.0,117th,Alcee Hastings (D),"Died April 6, 2021",Sheila Cherfilus-McCormick (D),https://en.wikipedia.org/wiki/Alcee_Hastings,,0.5740000000000001,0.596,
GA05,2020.0,2020,2020,John Lewis,D,2020-07-17,2020-07-17,2020-11-03,2020-11-03,2020-11-03,Death,80.0,Pancreatic cancer,0.0,2020.0,116th,John Lewis (D),"Died July 17, 2020",Kwanza Hall (D),https://en.wikipedia.org/wiki/John_Lewis,,1.0,0.08599999999999994,
GA06,1999.0,,2000,Newt Gingrich,R,,,1999-02-23,2000-11-07,,Resigned,,,,,106th,Newt Gingrich (R),"Newt Gingrich (R) resigned January 3, 1999, at the end of the previous Congress",Johnny Isakson (R),,,,,
GA06,2017.0,,2018,Tom Price,R,,,2017-06-20,2018-11-06,,Resigned,,,,,115th,Tom Price (R),"Resigned February 10, 2017",Karen Handel (R),https://en.wikipedia.org/wiki/Tom_Price_(American_politician),,,,
GA07,1983.0,1984,1984,Larry McDonald,D,1983-09-01,1983-09-01,1983-10-18,1984-11-06,1984-11-06,Death,48.0,Shoot down of Korean Air Lines Flight 007 by Soviet Air Defence Forcesinterceptors on the orders of General Anatoly Kornukov,1.0,1983.0,98th,Larry McDonald (D),"Died September 1, 1983",Buddy Darden (D),https://en.wikipedia.org/wiki/Larry_McDonald,,0.22200000000000003,0.18180000000000007,1.0
GA09,2010.0,,2010,Nathan Deal,R,,,2010-06-08,2010-11-02,,Resigned,,,,,111th,Nathan Deal (R),Resigned,Tom Graves (R),https://en.wikipedia.org/wiki/Nathan_Deal,,,,
GA10,2007.0,2008,2008,Charlie Norwood,R,2007-02-13,2007-02-13,2007-07-19,2008-11-04,2008-11-04,Death,65.0,Liver cancer,0.0,2007.0,110th,Charlie Norwood (R),"Died February 13, 2007",Paul Broun (R),https://en.wikipedia.org/wiki/Charlie_Norwood,,0.34800000000000003,0.008400000000000034,
HI01,1986.0,,1986,Cec Heftel,D,,,1986-09-20,1986-11-04,,Resigned,,,,,99th,Cec Heftel (D),Resigned,Neil Abercrombie (D),https://en.wikipedia.org/wiki/Cec_Heftel,,,,
HI01,2016.0,2016,2016,Mark Takai,D,2016-07-20,2016-07-20,2016-11-08,2016-11-08,2016-11-08,Death,49.0,Pancreatic cancer,0.0,2016.0,114th,Mark Takai (D),"Died July 20, 2016",Colleen Hanabusa (D),https://en.wikipedia.org/wiki/Mark_Takai,,0.03799999999999997,0.39899999999999997,
HI01,2010.0,,2010,Neil Abercrombie,D,,,2010-05-22,2010-11-02,,Resigned,,,,,111th,Neil Abercrombie (D),Resigned,Charles Djou (R),https://en.wikipedia.org/wiki/Neil_Abercrombie,,,,
HI02,1990.0,,1990,Daniel Akaka,D,,,1990-09-22,1990-11-06,,Resigned,,,,,101st,Daniel Akaka (D),Resigned,Patsy Mink (D),https://en.wikipedia.org/wiki/Daniel_Akaka,,,,
HI02,2002.0,2002,2002,Patsy Mink,D,2002-09-28,2002-09-28,2002-11-05,2002-11-05,2002-11-05,Death,74.0,Viral pneumoniafollowing chickenpox,1.0,2002.0,107th,Patsy Mink (D),"Died September 28, 2002",Ed Case (D),https://en.wikipedia.org/wiki/Patsy_Mink,,0.239,0.15169999999999995,
IL01,1983.0,,1984,Harold Washington,D,,,1983-08-23,1984-11-06,,Resigned,,,,,98th,Harold Washington (D),Resigned,Charles Hayes (D),https://en.wikipedia.org/wiki/Harold_Washington,,,,
IL02,2013.0,,2014,Jesse Jackson,D,,,2013-04-09,2014-11-04,,Resigned,,,,,113th,Jesse Jackson Jr. (D),"Jesse Jackson Jr. (D) resigned November 21, 2012, during the previous Congress[9]",Robin Kelly (D),,,,,
IL02,1995.0,,1996,Mel Reynolds,D,,,1995-12-12,1996-11-05,,Resigned,,,,,104th,Mel Reynolds (D),Resigned,Jesse Jackson Jr. (D),https://en.wikipedia.org/wiki/Mel_Reynolds,,,,
IL04,1986.0,1986,1986,George M. O'Brien,R,1986-07-17,1986-07-17,1986-11-04,1986-11-04,1986-11-04,Death,69.0,Prostate cancer,0.0,1986.0,,,,Jack Davis,,IL04,0.28,0.03200000000000003,
IL05,2009.0,,2010,Rahm Emanuel,D,,,2009-04-07,2010-11-02,,Resigned,,,,,111th.[x],Rahm Emanuel (D),Resigned,Mike Quigley (D),https://en.wikipedia.org/wiki/Rahm_Emanuel,,,,
IL10,1980.0,,1980,Abner Mikva,D,,,1980-01-22,1980-11-04,,Resigned,,,,,96th,Abner Mikva (D),Resigned,John Porter (R),https://en.wikipedia.org/wiki/Abner_Mikva,,,,
IL14,2008.0,,2008,Dennis Hastert,R,,,2008-03-08,2008-11-04,,Resigned,,,,,110th,Dennis Hastert (R),Resigned,Bill Foster (D),https://en.wikipedia.org/wiki/Dennis_Hastert,,,,
IL14,1986.0,,1986,John E. Grotberg,R,,,1986-11-04,1986-11-04,,Resigned,,Bronchial pneumonia and colon cancer,,,,,,Dennis Hastert ,,IL14,0.24400000000000005,0.04799999999999997,
IL15,1991.0,,1992,Ed Madigan,R,,,1991-07-02,1992-11-03,,Resigned,,,,,102nd,Ed Madigan (R),Resigned,Tom Ewing (R),https://en.wikipedia.org/wiki/Ed_Madigan,,,,
IL18,2015.0,,2016,Aaron Schock,R,,,2015-09-10,2016-11-08,,Resigned,,,,,114th,Aaron Schock (R),"Resigned March 31, 2015",Darin LaHood (R),https://en.wikipedia.org/wiki/Aaron_Schock,,,,
IL21,1988.0,1988,1988,C. Melvin Price,D,1988-04-22,1988-04-22,1988-08-09,1988-11-08,1988-11-08,Death,83.0,Pancreatic cancer,0.0,1988.0,100th,Melvin Price (D),Died,Jerry Costello (D),https://en.wikipedia.org/wiki/Melvin_Price,IL21,0.007999999999999972,0.02,
IN01,1982.0,1982,1982,Adam Benjamin Jr.,D,1982-09-07,1982-09-07,1982-11-02,1982-11-02,1982-11-02,Death,47.0,Heart attack,1.0,1982.0,97th,Adam Benjamin Jr. (D),Died,Katie Hall (D),https://en.wikipedia.org/wiki/Adam_Benjamin_Jr.,IN01,0.44,0.13199999999999995,
IN02,2022.0,2022,2022,Jackie Walorski,R,2022-08-03,2022-08-03,2022-11-08,2022-11-08,2022-11-08,Death,58.0,Traffic collision,1.0,2022.0,117th,Jackie Walorski (R),"Died August 3, 2022",Rudy Yakym (R),https://en.wikipedia.org/wiki/Jackie_Walorski,,0.23,0.299,
IN03,2010.0,,2010,Mark Souder,R,,,2010-11-02,2010-11-02,,Resigned,,,,,111th,Mark Souder (R),Resigned,Marlin Stutzman (R),https://en.wikipedia.org/wiki/Mark_Souder,,,,
IN04,1989.0,,1990,Dan Coats,R,,,1989-03-28,1990-11-06,,Resigned,,,,,101st,Dan Coats (R),Resigned,Jill Long (D),https://en.wikipedia.org/wiki/Dan_Coats,,,,
IN07,2008.0,2008,2008,Julia Carson,D,2007-12-15,2007-12-15,2008-03-11,2008-11-04,2008-11-04,Death,69.0,Lung cancer,0.0,2007.0,110th,Julia Carson (D),"Died December 15, 2007",André Carson (D),https://en.wikipedia.org/wiki/Julia_Carson,,0.07599999999999994,0.1093,
KS02,1996.0,,1996,Sam Brownback,R,,,1996-11-05,1996-11-05,,Resigned,,,,,104th,Sam Brownback (R),Resigned,Jim Ryun (R),https://en.wikipedia.org/wiki/Sam_Brownback,,,,
KS04,2017.0,,2018,Mike Pompeo,R,,,2017-04-11,2018-11-06,,Resigned,,,,,115th,Mike Pompeo (R),"Resigned January 23, 2017",Ron Estes (R),https://en.wikipedia.org/wiki/Mike_Pompeo,,,,
KY01,2016.0,,2016,Ed Whitfield,R,,,2016-11-08,2016-11-08,,Resigned,,,,,114th,Ed Whitfield (R),"Resigned September 6, 2016",James Comer (R),https://en.wikipedia.org/wiki/Ed_Whitfield,,,,
KY02,1994.0,1994,1994,William Natcher,D,1994-03-29,1994-03-29,1994-05-24,1994-11-08,1994-11-08,Death,84.0,Heart failure,1.0,1994.0,103rd,William Natcher (D),"Died March 29, 1994",Ron Lewis (R),https://en.wikipedia.org/wiki/William_Natcher,,0.22799999999999998,0.10310310310310314,
KY04,2012.0,,2012,Geoff Davis,R,,,2012-11-06,2012-11-06,,Resigned,,,,,112th,Geoff Davis (R),Resigned,Thomas Massie (R),https://en.wikipedia.org/wiki/Geoff_Davis,,,,
KY06,2004.0,,2004,Ernie Fletcher,R,,,2004-02-17,2004-11-02,,Resigned,,,,,108th,Ernie Fletcher (R),"Resigned December 8, 2003",Ben Chandler (D),https://en.wikipedia.org/wiki/Ernie_Fletcher,,,,
KY07,1984.0,1984,1984,Carl D. Perkins,D,1984-08-03,1984-08-03,1984-11-06,1984-11-06,1984-11-06,Death,71.0,Heart attack,1.0,1984.0,98th,Carl Perkins (D),Died,Chris Perkins (D),https://en.wikipedia.org/wiki/Carl_D._Perkins,KY07,0.5880000000000001,0.65,
LA01,1999.0,,2000,Bob Livingston,R,,,1999-05-29,2000-11-07,,Resigned,,,,,106th,Bob Livingston (R),Resigned,David Vitter (R),https://en.wikipedia.org/wiki/Bob_Livingston,,,,
LA01,2008.0,,2008,Bobby Jindal,R,,,2008-05-03,2008-11-04,,Resigned,,,,,110th,Bobby Jindal (R),Resigned,Steve Scalise (R),https://en.wikipedia.org/wiki/Bobby_Jindal,,,,
LA02,2021.0,,2022,Cedric Richmond,D,,,2021-04-24,2022-11-08,,Resigned,,,,,117th,Cedric Richmond (D),"Resigned January 15, 2021",Troy Carter (D),https://en.wikipedia.org/wiki/Cedric_Richmond,,,,
LA03,1980.0,,1980,Dave Treen,R,,,1980-05-17,1980-11-04,,Resigned,,,,,96th,Dave Treen (R),Resigned,Billy Tauzin (D),https://en.wikipedia.org/wiki/Dave_Treen,,,,
LA04,1988.0,,1988,Buddy Roemer,D,,,1988-04-16,1988-11-08,,Resigned,,,,,100th,Buddy Roemer (D),Resigned,Jim McCrery (R),https://en.wikipedia.org/wiki/Buddy_Roemer,,,,
LA05,2021.0,2022,2022,Luke Letlow,R,2020-12-29,2020-12-29,2021-03-20,2022-11-08,2022-11-08,Death,41.0,Covid-19 complications,1.0,2020.0,117th,Luke Letlow (R),"Representative-elect Luke Letlow (R) died December 29, 2020",Julia Letlow (R),,,0.24,0.3760000000000001,
LA05,2013.0,,2014,Rodney Alexander,R,,,2013-11-16,2014-11-04,,Resigned,,,,,113th,Rodney Alexander (R),"Resigned September 26, 2013",Vance McAllister (R),https://en.wikipedia.org/wiki/Rodney_Alexander,,,,
LA06,2008.0,,2008,Richard Baker,R,,,2008-05-03,2008-11-04,,Resigned,,,,,110th,Richard Baker (R),Resigned,Don Cazayoux (D),https://en.wikipedia.org/wiki/Richard_Baker_(American_politician),,,,
LA08,1985.0,1986,1986,Gillis W. Long,D,1985-01-20,1985-01-20,1985-03-30,1986-11-04,1986-11-04,Death,61.0,Heart attack,1.0,1985.0,99th,Gillis Long (D),Died,Catherine Small Long (D),https://en.wikipedia.org/wiki/Gillis_Long,LA08,0.56,0.3129,
MA01,1991.0,1992,1992,Silvio Conte,R,1991-02-08,1991-02-08,1991-06-18,1992-11-03,1992-11-03,Death,69.0,Prostate cancer,0.0,1991.0,102nd,Silvio Conte (R),Died,John Olver (D),https://en.wikipedia.org/wiki/Silvio_Conte,MA01,0.551,0.013999999999999986,
MA05,2013.0,,2014,Ed Markey,D,,,2013-12-10,2014-11-04,,Resigned,,,,,113th,Ed Markey (D),"Resigned July 15, 2013",Katherine Clark (D),https://en.wikipedia.org/wiki/Ed_Markey,,,,
MA05,2007.0,,2008,Marty Meehan,D,,,2007-10-16,2008-11-04,,Resigned,,,,,110th,Marty Meehan (D),"Resigned July 1, 2007",Niki Tsongas (D),https://en.wikipedia.org/wiki/Marty_Meehan,,,,
MA09,2001.0,2002,2002,Joe Moakley,D,2001-05-28,2001-05-28,2001-10-16,2002-11-05,2002-11-05,Death,74.0,Myelodysplastic syndrome,0.0,2001.0,107th,Joe Moakley (D),"Died May 28, 2001",Stephen Lynch (D),https://en.wikipedia.org/wiki/Joe_Moakley,,0.58,0.3224,
MD04,2008.0,,2008,Albert Wynn,D,,,2008-06-17,2008-11-04,,Resigned,,,,,110th,Albert Wynn (D),Resigned,Donna Edwards (D),https://en.wikipedia.org/wiki/Albert_Wynn,,,,
MD05,1981.0,1982,1982,Gladys Spellman,D,1981-02-24,1981-02-24,1981-05-19,1982-11-02,1982-11-02,Death,70.0,"Heart attack in 1980, death after coma in 1988",0.0,1981.0,97th,Gladys Spellman (D),"Fell into a permanent coma, resulting in the seat being declared vacant",Steny Hoyer (D),https://en.wikipedia.org/wiki/Gladys_Spellman,MD05,0.61,0.11599999999999994,
MD07,2020.0,2020,2020,Elijah Cummings,D,2019-10-17,2019-10-17,2020-04-28,2020-11-03,2020-11-03,Death,68.0,Complications concerning long-standing health challenges,0.0,2019.0,116th,Elijah Cummings (D),"Died October 17, 2019",Kweisi Mfume (D),https://en.wikipedia.org/wiki/Elijah_Cummings,,0.552,0.48699999999999993,
MD07,1996.0,,1996,Kweisi Mfume,D,,,1996-04-16,1996-11-05,,Resigned,,,,,104th,Kweisi Mfume (D),Resigned,Elijah Cummings (D),https://en.wikipedia.org/wiki/Kweisi_Mfume,,,,
MI03,1993.0,1994,1994,Paul B. Henry,R,1993-07-31,1993-07-31,1993-12-07,1994-11-08,1994-11-08,Death,51.0,Brain cancer,0.0,1993.0,103rd,Paul B. Henry (R),"Died July 31, 1993",Vern Ehlers (R),https://en.wikipedia.org/wiki/Paul_B._Henry,,0.23099999999999996,0.43450000000000005,
MI04,2000.0,2000,2000,Bruce Vento,D,2000-10-10,2000-10-10,2000-11-07,2000-11-07,2000-11-07,Death,60.0,Mesothelioma,0.0,2000.0,,,,Betty McCollum,,MN04,0.13900000000000007,0.171,
MI04,1981.0,,1982,David Stockman,R,,,1981-04-21,1982-11-02,,Resigned,,,,,97th,David Stockman (R),Resigned,Mark D. Siljander (R),https://en.wikipedia.org/wiki/David_Stockman,,,,
MI11,2012.0,,2012,Thad McCotter,R,,,2012-11-06,2012-11-06,,Resigned,,,,,112th,Thad McCotter (R),Resigned,David Curson (D),https://en.wikipedia.org/wiki/Thad_McCotter,,,,
MI13,1980.0,,1980,Charles Diggs,D,,,1980-11-04,1980-11-04,,Resigned,,,,,96th,Charles Diggs (D),Resigned,George Crockett Jr. (D),https://en.wikipedia.org/wiki/Charles_Diggs,,,,
MI13,2018.0,,2018,John Conyers,D,,,2018-11-06,2018-11-06,,Resigned,,,,,115th,John Conyers (D),"Resigned December 5, 2017",Brenda Jones (D),https://en.wikipedia.org/wiki/John_Conyers,,,,
MN01,2022.0,2022,2022,Jim Hagedorn,R,2022-02-17,2022-02-17,2022-08-09,2022-11-08,2022-11-08,Death,59.0,Kidney cancer,0.0,2022.0,117th,Jim Hagedorn (R),"Died February 17, 2022",Brad Finstad (R),https://en.wikipedia.org/wiki/Jim_Hagedorn,,0.031000000000000014,0.039000000000000055,
MO08,1996.0,1996,1996,Bill Emerson,R,1996-06-22,1996-06-22,1996-11-05,1996-11-05,1996-11-05,Death,58.0,Lung cancer,0.0,1996.0,104th,Bill Emerson (R),"Died June 22, 1996",Jo Ann Emerson (R),https://en.wikipedia.org/wiki/Bill_Emerson,,0.43499999999999994,0.1319,
MO08,2013.0,,2014,Jo Ann,R,,,2013-06-04,2014-11-04,,Resigned,,,,,113th,Jo Ann Emerson (R),"Resigned January 22, 2013",Jason Smith (R),https://en.wikipedia.org/wiki/Jo_Ann_Emerson,,,,
MS01,2015.0,2016,2016,Alan Nunnelee,R,2015-02-06,2015-02-06,2015-05-12,2016-11-08,2016-11-08,Death,56.0,Brain cancer,0.0,2015.0,114th,Alan Nunnelee (R),"Died February 6, 2015",Trent Kelly (R),https://en.wikipedia.org/wiki/Alan_Nunnelee,,0.39000000000000007,0.3994,
MS01,2008.0,,2008,Roger Wicker,R,,,2008-05-13,2008-11-04,,Resigned,,,,,110th,Roger Wicker (R),"Resigned December 31, 2007",Travis Childers (D),https://en.wikipedia.org/wiki/Roger_Wicker,,,,
MS02,1993.0,,1994,Mike Espy,D,,,1993-04-13,1994-11-08,,Resigned,,,,,103rd,Mike Espy (D),Resigned,Bennie Thompson (D),https://en.wikipedia.org/wiki/Mike_Espy,,,,
MS04,1981.0,,1982,Jon Hinson,R,,,1981-07-07,1982-11-02,,Resigned,,,,,97th,Jon Hinson (R),Resigned,Wayne Dowdy (D),https://en.wikipedia.org/wiki/Jon_Hinson,,,,
MS05,1989.0,1990,1990,Larkin I. Smith,R,1989-08-13,1989-08-13,1989-10-17,1990-11-06,1990-11-06,Death,45.0,Plane crash,1.0,1989.0,101st,Larkin Smith (R),Died,Gene Taylor (D),https://en.wikipedia.org/wiki/Larkin_Smith,MS05,0.1,0.3,
MT01,2017.0,,2018,Ryan Zinke,R,,,2017-05-25,2018-11-06,,Resigned,,,,,115th,Ryan Zinke (R),"Resigned March 1, 2017",Greg Gianforte (R),https://en.wikipedia.org/wiki/Ryan_Zinke,,,,
NC01,2004.0,,2004,Frank Ballance,D,,,2004-07-20,2004-11-02,,Resigned,,,,,108th,Frank Ballance (D),Resigned,G. K. Butterfield (D),https://en.wikipedia.org/wiki/Frank_Ballance,,,,
NC01,1992.0,1992,1992,Walter B. Jones Sr.,D,1992-09-15,1992-09-15,1992-11-03,1992-11-03,1992-11-03,Death,79.0,Natural causes,0.0,1992.0,102nd,Walter B. Jones Sr. (D),Died,Eva Clayton (D),https://en.wikipedia.org/wiki/Walter_B._Jones_Sr.,NC01,0.29599999999999993,0.15400000000000005,
NC03,2019.0,2020,2020,Walter B. Jones Jr.,R,2019-02-10,2019-02-10,2019-09-10,2020-11-03,2020-11-03,Death,76.0,Amyotrophic lateral sclerosis,0.0,2019.0,116th,Walter B. Jones Jr. (R),"Died February 10, 2019",Greg Murphy (R),https://en.wikipedia.org/wiki/Walter_B._Jones_Jr.,,1.0,0.24,
NC09,2019.0,,2020,Robert Pittenger,R,,,2019-09-10,2020-11-03,,Resigned,,,,,116th,Robert Pittenger (R),Results of 2018 election were annulled; seat was declared vacant[11][12],Dan Bishop (R),,,,,
NC10,1986.0,,1986,Jim Broyhill,R,,,1986-11-04,1986-11-04,,Resigned,,,,,99th,Jim Broyhill (R),Resigned,Cass Ballenger (R),https://en.wikipedia.org/wiki/Jim_Broyhill,,,,
NC12,2014.0,,2014,Mel Watt,D,,,2014-11-04,2014-11-04,,Resigned,,,,,113th,Mel Watt (D),"Resigned January 6, 2014",Alma Adams (D),https://en.wikipedia.org/wiki/Mel_Watt,,,,
NE01,2022.0,,2022,Jeff Fortenberry,R,,,2022-06-28,2022-11-08,,Resigned,,,,,117th,Jeff Fortenberry (R),"Resigned March 31, 2022",Mike Flood (R),https://en.wikipedia.org/wiki/Jeff_Fortenberry,,,,
NJ01,1990.0,,1990,Jim Florio,D,,,1990-11-06,1990-11-06,,Resigned,,,,,101st,Jim Florio (D),Resigned,Rob Andrews (D),https://en.wikipedia.org/wiki/Jim_Florio,,,,
NJ01,2014.0,,2014,Rob Andrews,D,,,2014-11-04,2014-11-04,,Resigned,,,,,113th,Rob Andrews (D),"Resigned February 18, 2014",Donald Norcross (D),https://en.wikipedia.org/wiki/Rob_Andrews,,,,
NJ03,1988.0,1988,1988,James J. Howard,D,1988-03-25,1988-03-25,1988-11-08,1988-11-08,1988-11-08,Death,60.0,Heart attack,1.0,1988.0,100th,James Howard (D),"Died March 25, 1988",Frank Pallone (D),https://en.wikipedia.org/wiki/James_J._Howard,,0.17400000000000004,0.04200000000000003,
NJ10,2012.0,2012,2012,Donald M. Payne,D,2012-03-06,2012-03-06,2012-11-06,2012-11-06,2012-11-06,Death,77.0,Colon cancer,0.0,2012.0,112th,Donald M. Payne (D),"Died March 6, 2012",Donald Payne Jr. (D),https://en.wikipedia.org/wiki/Donald_M._Payne,,0.7240000000000001,0.9480000000000001,
NJ10,2024.0,2024,2024,Donald Payne,D,2024-04-24,2024-04-24,2024-09-18,2024-11-05,2024-11-05,Death,77.0,Colon cancer,1.0,2024.0,118th,Donald Payne Jr. (D),"Died April 24, 2024",LaMonica McIver (D),https://en.wikipedia.org/wiki/Donald_Payne_Jr.,,0.575,0.6580000000000001,
NJ11,1994.0,1994,1994,Dean Gallo,R,1994-11-06,1994-11-06,1994-11-08,1994-11-08,1994-11-08,Death,58.0,Prostate cancer,0.0,1994.0,,,,Rodney Frelinghuysen,,NJ11,0.4439999999999999,0.43200000000000005,
NJ13,2006.0,,2006,Bob Menendez,D,,,2006-11-07,2006-11-07,,Resigned,,,,,109th,Bob Menendez (D),Resigned,Albio Sires (D),https://en.wikipedia.org/wiki/Bob_Menendez,,,,
NJ13,1984.0,1984,1984,Edwin B. Forsythe,R,1984-03-29,1984-03-29,1984-11-06,1984-11-06,1984-11-06,Death,68.0,Lung cancer,0.0,1984.0,98th,Edwin Forsythe (R),"Died March 29, 1984",Jim Saxton (R),https://en.wikipedia.org/wiki/Edwin_Forsythe,,0.204,0.23700000000000002,
NM01,2021.0,,2022,Deb Haaland,D,,,2021-06-01,2022-11-08,,Resigned,,,,,117th,Deb Haaland (D),"Resigned March 16, 2021",Melanie Stansbury (D),https://en.wikipedia.org/wiki/Deb_Haaland,,,,
NM01,1998.0,1998,1998,Steven Schiff,R,1998-03-25,1998-03-25,1998-06-23,1998-11-03,1998-11-03,Death,51.0,Squamous-cell skin cancer,0.0,1998.0,105th,Steven Schiff (R),Died,Heather Wilson (R),https://en.wikipedia.org/wiki/Steven_Schiff,NM01,0.195,0.04969999999999999,
NM02,1980.0,1980,1980,Harold L. Runnels,D,1980-08-05,1980-08-05,1980-11-04,1980-11-04,1980-11-04,Death,56.0,Respiratory failure,0.0,1980.0,,,,Joe Skeen,,NM02,1.0,0.04,
NM03,1997.0,,1998,Bill Richardson,D,,,1997-05-13,1998-11-03,,Resigned,,,,,105th,Bill Richardson (D),Resigned,Bill Redmond (R),https://en.wikipedia.org/wiki/Bill_Richardson,,,,
NV02,2011.0,,2012,Dean Heller,R,,,2011-09-13,2012-11-06,,Resigned,,,,,112th,Dean Heller (R),Resigned,Mark Amodei (R),https://en.wikipedia.org/wiki/Dean_Heller,,,,
NY03,2024.0,,2024,George Santos,R,,,2024-02-13,2024-11-05,,Resigned,,,,,118th,George Santos (R),"Expelled on December 1, 2023",Tom Suozzi (D),https://en.wikipedia.org/wiki/George_Santos,,,,
NY06,1998.0,,1998,Floyd Flake,D,,,1998-02-03,1998-11-03,,Resigned,,,,,105th,Floyd Flake (D),Resigned,Gregory Meeks (D),https://en.wikipedia.org/wiki/Floyd_Flake,,,,
NY06,1986.0,1986,1986,Joseph P. Addabbo,D,1986-04-10,1986-04-10,1986-07-10,1986-11-04,1986-11-04,Death,61.0,Seizure induced coma during treatment for bladder cancer,0.0,1986.0,99th,Joe Addabbo (D),Died,Alton Waldon (D),https://en.wikipedia.org/wiki/Joseph_P._Addabbo,NY06,0.654,0.006999999999999993,
NY07,1983.0,1984,1984,Benjamin S. Rosenthal,D,1983-01-04,1983-01-04,1983-03-01,1984-11-06,1984-11-06,Death,59.0,Cancer,0.0,1983.0,98th,Benjamin Rosenthal (D),Died,Gary Ackerman (D),https://en.wikipedia.org/wiki/Benjamin_Rosenthal,NY07,0.544,0.24799999999999997,
NY09,2011.0,,2012,Anthony Weiner,D,,,2011-09-13,2012-11-06,,Resigned,,,,,112th,Anthony Weiner (D),Resigned,Bob Turner (R),https://en.wikipedia.org/wiki/Anthony_Weiner,,,,
NY11,2015.0,,2016,Michael Grimm,R,,,2015-05-05,2016-11-08,,Resigned,,,,,114th,Michael Grimm (R),"Resigned January 5, 2015",Dan Donovan (R),https://en.wikipedia.org/wiki/Michael_Grimm_(politician),,,,
NY13,1997.0,,1998,Susan Molinari,R,,,1997-11-04,1998-11-03,,Resigned,,,,,105th,Susan Molinari (R),Resigned,Vito Fossella (R),https://en.wikipedia.org/wiki/Susan_Molinari,,,,
NY14,1990.0,,1990,Guy Molinari,R,,,1990-03-20,1990-11-06,,Resigned,,,,,101st,Guy Molinari (R),Resigned,Susan Molinari (R),https://en.wikipedia.org/wiki/Guy_Molinari,,,,
NY17,1992.0,1992,1992,Theodore S. Weiss,D,1992-09-14,1992-09-14,1992-11-03,1992-11-03,1992-11-03,Death,64.0,Heart failure,1.0,1992.0,102nd,Ted Weiss (D),Died,Jerry Nadler (D),https://en.wikipedia.org/wiki/Ted_Weiss,NY17,0.65,1.0,
NY18,1990.0,,1990,Robert Garcia,D,,,1990-03-20,1990-11-06,,Resigned,,,,,101st,Robert Garcia (D),Resigned,José E. Serrano (D),https://en.wikipedia.org/wiki/Robert_Garcia_(New_York_politician),,,,
NY19,2022.0,,2022,Antonio Delgado,D,,,2022-08-23,2022-11-08,,Resigned,,,,,117th,Antonio Delgado (D),"Resigned May 25, 2022",Pat Ryan (D),https://en.wikipedia.org/wiki/Antonio_Delgado,,,,
NY20,2009.0,,2010,Kirsten Gillibrand,D,,,2009-03-31,2010-11-02,,Resigned,,,,,111th,Kirsten Gillibrand (D),Resigned,Scott Murphy (D),https://en.wikipedia.org/wiki/Kirsten_Gillibrand,,,,
NY23,2009.0,,2010,John M,R,,,2009-11-03,2010-11-02,,Resigned,,,,,111th,John M. McHugh (R),Resigned,Bill Owens (D),https://en.wikipedia.org/wiki/John_M._McHugh,,,,
NY23,2022.0,,2022,Tom Reed,R,,,2022-08-23,2022-11-08,,Resigned,,,,,117th,Tom Reed (R),"Resigned May 10, 2022",Joe Sempolinski (R),https://en.wikipedia.org/wiki/Tom_Reed_(politician),,,,
NY25,2018.0,2018,2018,Louise Slaughter,D,2018-03-16,2018-03-16,2018-11-06,2018-11-06,2018-11-06,Death,88.0,Fall,1.0,2018.0,115th,Louise Slaughter (D),"Died March 16, 2018",Joseph Morelle (D),https://en.wikipedia.org/wiki/Louise_Slaughter,,0.12300000000000004,0.16599999999999995,
NY26,2024.0,,2024,Brian Higgins,D,,,2024-04-30,2024-11-05,,Resigned,,,,,118th,Brian Higgins (D),"Resigned February 2, 2024",Tim Kennedy (D),https://en.wikipedia.org/wiki/Brian_Higgins,,,,
NY26,2011.0,,2012,Chris Lee,R,,,2011-05-24,2012-11-06,,Resigned,,,,,112th,Chris Lee (R),Resigned,Kathy Hochul (D),https://en.wikipedia.org/wiki/Chris_Lee_(New_York_politician),,,,
NY27,2020.0,,2020,Chris Collins,R,,,2020-06-23,2020-11-03,,Resigned,,,,,116th,Chris Collins (R),"Resigned October 1, 2019",Chris Jacobs (R),https://en.wikipedia.org/wiki/Chris_Collins_(New_York_politician),,,,
NY29,2010.0,,2010,Eric Massa,D,,,2010-11-02,2010-11-02,,Resigned,,,,,111th,Eric Massa (D),Resigned,Tom Reed (R),https://en.wikipedia.org/wiki/Eric_Massa,,,,
OH02,1993.0,,1994,Bill Gradison,R,,,1993-05-04,1994-11-08,,Resigned,,,,,103rd,Bill Gradison (R),Resigned,Rob Portman (R),https://en.wikipedia.org/wiki/Bill_Gradison,,,,
OH02,2005.0,,2006,Rob Portman,R,,,2005-08-02,2006-11-07,,Resigned,,,,,109th,Rob Portman (R),Resigned,Jean Schmidt (R),https://en.wikipedia.org/wiki/Rob_Portman,,,,
OH04,1981.0,1982,1982,Tennyson Guyer,R,1981-04-12,1981-04-12,1981-06-25,1982-11-02,1982-11-02,Death,68.0,Heart attack,1.0,1981.0,97th,Tennyson Guyer (R),Died,Mike Oxley (R),https://en.wikipedia.org/wiki/Tennyson_Guyer,OH04,0.44599999999999995,0.0040000000000000565,
OH05,2007.0,2008,2008,Paul Gillmor,R,2007-09-05,2007-09-05,2007-12-11,2008-11-04,2008-11-04,Death,68.0,Fall down stairs,1.0,2007.0,110th,Paul Gillmor (R),"Died September 5, 2007",Bob Latta (R),https://en.wikipedia.org/wiki/Paul_Gillmor,,0.13799999999999998,0.14090000000000003,
OH06,2024.0,,2024,Bill Johnson,R,,,2024-06-11,2024-11-05,,Resigned,,,,,118th,Bill Johnson (R),"Resigned January 21, 2024",Michael Rulli (R),https://en.wikipedia.org/wiki/Bill_Johnson_(Ohio_politician),,,,
OH08,2016.0,,2016,John Boehner,R,,,2016-06-07,2016-11-08,,Resigned,,,,,114th,John Boehner (R),"Resigned October 29, 2015",Warren Davidson (R),https://en.wikipedia.org/wiki/John_Boehner,,,,
OH11,2021.0,,2022,Marcia Fudge,D,,,2021-11-02,2022-11-08,,Resigned,,,,,117th,Marcia Fudge (D),"Resigned March 10, 2021",Shontel Brown (D),https://en.wikipedia.org/wiki/Marcia_Fudge,,,,
OH11,2008.0,2008,2008,Stephanie Tubbs Jones,D,2008-08-20,2008-08-20,2008-11-04,2008-11-04,2008-11-04,Death,58.0,Cerebral hemorrhage,1.0,2008.0,110th,Stephanie Tubbs Jones (D),"Died August 20, 2008",Marcia Fudge (D),https://en.wikipedia.org/wiki/Stephanie_Tubbs_Jones,,0.6680000000000001,1.0,
OH12,2018.0,,2018,Pat Tiberi,R,,,2018-08-07,2018-11-06,,Resigned,,,,,115th,Pat Tiberi (R),"Resigned January 15, 2018",Troy Balderson (R),https://en.wikipedia.org/wiki/Pat_Tiberi,,,,
OH15,2021.0,,2022,Steve Stivers,R,,,2021-11-02,2022-11-08,,Resigned,,,,,117th,Steve Stivers (R),"Resigned May 16, 2021",Mike Carey (R),https://en.wikipedia.org/wiki/Steve_Stivers,,,,
OH17,1982.0,1982,1982,John M. Ashbrook,R,1982-04-24,1982-04-24,1982-06-29,1982-11-02,1982-11-02,Death,53.0,Peptic ulcer,1.0,1982.0,97th,John M. Ashbrook (R),Died,Jean Spencer Ashbrook (R),https://en.wikipedia.org/wiki/John_M._Ashbrook,OH17,0.458,0.47800000000000004,
OK01,1994.0,,1994,Jim Inhofe,R,,,1994-11-08,1994-11-08,,Resigned,,,,,103rd,Jim Inhofe (R),Resigned,Steve Largent (R),https://en.wikipedia.org/wiki/Jim_Inhofe,,,,
OK01,2002.0,,2002,Steve Largent,R,,,2002-01-08,2002-11-05,,Resigned,,,,,107th,Steve Largent (R),Resigned,John Sullivan (R),https://en.wikipedia.org/wiki/Steve_Largent,,,,
OK06,1994.0,,1994,Glenn English,D,,,1994-05-10,1994-11-08,,Resigned,,,,,103rd,Glenn English (D),Resigned,Frank Lucas (R),https://en.wikipedia.org/wiki/Glenn_English,,,,
OR01,2012.0,,2012,David Wu,D,,,2012-01-31,2012-11-06,,Resigned,,,,,112th,David Wu (D),Resigned,Suzanne Bonamici (D),https://en.wikipedia.org/wiki/David_Wu,,,,
OR03,1996.0,,1996,Ron Wyden,D,,,1996-05-21,1996-11-05,,Resigned,,,,,104th,Ron Wyden (D),Resigned,Earl Blumenauer (D),https://en.wikipedia.org/wiki/Ron_Wyden,,,,
PA01,1998.0,,1998,Tom Foglietta,D,,,1998-05-19,1998-11-03,,Resigned,,,,,105th,Tom Foglietta (D),Resigned,Bob Brady (D),https://en.wikipedia.org/wiki/Tom_Foglietta,,,,
PA02,1991.0,,1992,Bill Gray,D,,,1991-11-05,1992-11-03,,Resigned,,,,,102nd,Bill Gray (D),Resigned,Lucien Blackwell (D),https://en.wikipedia.org/wiki/William_H._Gray_(congressman),,,,
PA02,2016.0,,2016,Chaka Fattah,D,,,2016-11-08,2016-11-08,,Resigned,,,,,114th,Chaka Fattah (D),"Resigned June 23, 2016",Dwight Evans (D),https://en.wikipedia.org/wiki/Chaka_Fattah,,,,
PA03,1981.0,,1982,Ray Lederer,D,,,1981-07-21,1982-11-02,,Resigned,,,,,97th,Ray Lederer (D),"Resigned April 29, 1981",Joseph F. Smith (D),https://en.wikipedia.org/wiki/Ray_Lederer,,,,
PA07,2018.0,,2018,Pat Meehan,R,,,2018-11-06,2018-11-06,,Resigned,,,,,115th,Pat Meehan (R),"Resigned April 27, 2018",Mary Gay Scanlon (D),https://en.wikipedia.org/wiki/Pat_Meehan,,,,
PA09,2001.0,,2002,Bud Shuster,R,,,2001-05-15,2002-11-05,,Resigned,,,,,107th,Bud Shuster (R),Resigned,Bill Shuster (R),https://en.wikipedia.org/wiki/Bud_Shuster,,,,
PA11,1980.0,,1980,Dan Flood,D,,,1980-04-09,1980-11-04,,Resigned,,,,,96th,Dan Flood (D),Resigned,Raphael Musto (D),https://en.wikipedia.org/wiki/Dan_Flood,,,,
PA12,2010.0,2010,2010,John Murtha,D,2010-02-08,2010-02-08,2010-05-18,2010-11-02,2010-11-02,Death,77.0,Infection following gallbladdersurgery,1.0,2010.0,111th,John Murtha (D),"Died February 8, 2010",Mark Critz (D),https://en.wikipedia.org/wiki/John_Murtha,,0.15799999999999997,0.075,
PA12,2019.0,,2020,Tom Marino,R,,,2019-05-21,2020-11-03,,Resigned,,,,,116th,Tom Marino (R),"Resigned January 23, 2019",Fred Keller (R),https://en.wikipedia.org/wiki/Tom_Marino,,,,
PA15,2018.0,,2018,Charlie Dent,R,,,2018-11-06,2018-11-06,,Resigned,,,,,115th,Charlie Dent (R),"Resigned May 12, 2018",Susan Wild (D),https://en.wikipedia.org/wiki/Charlie_Dent,,,,
PA18,2018.0,,2018,Tim Murphy,R,,,2018-03-13,2018-11-06,,Resigned,,,,,115th,Tim Murphy (R),"Resigned October 21, 2017[10]",Conor Lamb (D),https://en.wikipedia.org/wiki/Tim_Murphy_(American_politician),,,,
RI01,2023.0,,2024,David Cicilline,D,,,2023-11-07,2024-11-05,,Resigned,,,,,118th,David Cicilline (D),"Resigned May 31, 2023",Gabe Amo (D),https://en.wikipedia.org/wiki/David_Cicilline,,,,
SC01,2013.0,,2014,Tim Scott,R,,,2013-05-07,2014-11-04,,Resigned,,,,,113th,Tim Scott (R),"Tim Scott (R) resigned January 2, 2013, before the end of the previous Congress",Mark Sanford (R),,,,,
SC02,2001.0,2002,2002,Floyd Spence,R,2001-08-16,2001-08-16,2001-12-18,2002-11-05,2002-11-05,Death,73.0,Cerebral thrombosis,1.0,2001.0,107th,Floyd Spence (R),"Died August 16, 2001",Joe Wilson (R),https://en.wikipedia.org/wiki/Floyd_Spence,,0.17,0.4767,
SC05,2017.0,,2018,Mick Mulvaney,R,,,2017-06-20,2018-11-06,,Resigned,,,,,115th,Mick Mulvaney (R),"Resigned February 16, 2017",Ralph Norman (R),https://en.wikipedia.org/wiki/Mick_Mulvaney,,,,
SD01,2004.0,,2004,Bill Janklow,R,,,2004-06-01,2004-11-02,,Resigned,,,,,108th,Bill Janklow (R),Resigned,Stephanie Herseth Sandlin (D),https://en.wikipedia.org/wiki/Bill_Janklow,,,,
TN02,1988.0,1988,1988,John Duncan Sr.,R,1988-06-21,1988-06-21,1988-11-08,1988-11-08,1988-11-08,Death,69.0,Cancer,0.0,1988.0,100th,John Duncan (R),Died,Jimmy Duncan (R),https://en.wikipedia.org/wiki/John_Duncan_Sr.,TN02,0.524,0.12400000000000005,
TN05,1988.0,,1988,Bill Boner,D,,,1988-01-19,1988-11-08,,Resigned,,,,,100th,Bill Boner (D),Resigned,Bob Clement (D),https://en.wikipedia.org/wiki/Bill_Boner,,,,
TX01,1985.0,,1986,Sam Hall,D,,,1985-09-04,1986-11-04,,Resigned,,,,,99th,Sam Hall (D),Resigned,Jim Chapman (D),https://en.wikipedia.org/wiki/Sam_B._Hall,,,,
TX03,1991.0,,1992,Steve Bartlett,R,,,1991-05-18,1992-11-03,,Resigned,,,,,102nd,Steve Bartlett (R),Resigned,Sam Johnson (R),https://en.wikipedia.org/wiki/Steve_Bartlett,,,,
TX06,1983.0,,1984,Phil Gramm,D,,,1983-02-12,1984-11-06,,Resigned,,,,,98th,Phil Gramm (D),Resigned,Phil Gramm (R),https://en.wikipedia.org/wiki/Phil_Gramm,,,,
TX06,2021.0,2022,2022,Ron Wright,R,2021-02-07,2021-02-07,2021-07-27,2022-11-08,2022-11-08,Death,67.0,COVID-19,1.0,2021.0,117th,Ron Wright (R),"Died February 7, 2021",Jake Ellzey (R),https://en.wikipedia.org/wiki/Ron_Wright_(politician),,0.08799999999999997,0.06599999999999995,
TX12,1989.0,,1990,Jim Wright,D,,,1989-09-12,1990-11-06,,Resigned,,,,,101st,Jim Wright (D),Resigned,Pete Geren (D),https://en.wikipedia.org/wiki/Jim_Wright,,,,
TX18,1989.0,1990,1990,Mickey Leland,D,1989-08-07,1989-08-07,1989-12-09,1990-11-06,1990-11-06,Death,44.0,Plane crash,1.0,1989.0,101st,Mickey Leland (D),Died,Craig Washington (D),https://en.wikipedia.org/wiki/Mickey_Leland,TX18,0.8580000000000001,0.13599999999999995,
TX18,2024.0,2024,2024,Sheila Jackson,D,2024-07-19,2024-07-19,2024-11-05,2024-11-05,2024-11-05,Death,74.0,Pancreatic cancer,0.0,2024.0,118th,Sheila Jackson Lee (D),"Died July 19, 2024",Erica Lee Carter (D),https://en.wikipedia.org/wiki/Sheila_Jackson_Lee,,0.445,0.457,
TX19,2003.0,,2004,Larry Combest,R,,,2003-06-03,2004-11-02,,Resigned,,,,,108th,Larry Combest (R),Resigned,Randy Neugebauer (R),https://en.wikipedia.org/wiki/Larry_Combest,,,,
TX22,2006.0,,2006,Tom DeLay,R,,,2006-11-07,2006-11-07,,Resigned,,,,,109th,Tom DeLay (R),Resigned,Shelley Sekula-Gibbs (R),https://en.wikipedia.org/wiki/Tom_DeLay,,,,
TX27,2018.0,,2018,Blake Farenthold,R,,,2018-06-30,2018-11-06,,Resigned,,,,,115th,Blake Farenthold (R),"Resigned April 6, 2018",Michael Cloud (R),https://en.wikipedia.org/wiki/Blake_Farenthold,,,,
TX28,1997.0,1998,1998,Frank Tejeda,D,1997-01-30,1997-01-30,1997-04-12,1998-11-03,1998-11-03,Death,51.0,Pneumoniafollowing treatment for brain tumor,0.0,1997.0,105th,Frank Tejeda (D),Died,Ciro Rodriguez (D),https://en.wikipedia.org/wiki/Frank_Tejeda,TX28,0.5197,0.33360000000000006,
TX34,2022.0,,2022,Filemon Vela,D,,,2022-06-14,2022-11-08,,Resigned,,,,,117th,Filemon Vela Jr. (D),"Resigned March 31, 2022",Mayra Flores (R),https://en.wikipedia.org/wiki/Filemon_Vela_Jr.,,,,
UT02,2023.0,,2024,Chris Stewart,R,,,2023-11-21,2024-11-05,,Resigned,,,,,118th,Chris Stewart (R),"Resigned September 15, 2023",Celeste Maloy (R),https://en.wikipedia.org/wiki/Chris_Stewart_(politician),,,,
UT03,2017.0,,2018,Jason Chaffetz,R,,,2017-11-07,2018-11-06,,Resigned,,,,,115th,Jason Chaffetz (R),"Resigned June 30, 2017",John Curtis (R),https://en.wikipedia.org/wiki/Jason_Chaffetz,,,,
VA01,2000.0,2000,2000,Herb Bateman,R,2000-09-11,2000-09-11,2000-11-07,2000-11-07,2000-11-07,Death,72.0,Unspecified natural causes,0.0,2000.0,,,,Jo Ann Davis,,VA01,0.632,0.20600000000000002,
VA01,2007.0,2008,2008,Jo Ann Davis,R,2007-10-06,2007-10-06,2007-12-11,2008-11-04,2008-11-04,Death,57.0,Breast cancer,0.0,2007.0,110th,Jo Ann Davis (R),"Died October 6, 2007",Rob Wittman (R),https://en.wikipedia.org/wiki/Jo_Ann_Davis,,0.275,0.2343,
VA04,2023.0,2024,2024,Donald McEachin,D,2022-11-28,2022-11-28,2023-02-21,2024-11-05,2024-11-05,Death,61.0,Colorectal cancer,0.0,2022.0,118th,Donald McEachin (D),"Donald McEachin (D) died November 28, 2022, during the previous Congress",Jennifer McClellan (D),,,0.28800000000000003,0.48900000000000005,
VA04,2001.0,2002,2002,Norman Sisisky,D,2001-03-29,2001-03-29,2001-06-19,2002-11-05,2002-11-05,Death,73.0,Lung cancer,0.0,2001.0,107th,Norman Sisisky (D),"Died March 29, 2001",Randy Forbes (R),https://en.wikipedia.org/wiki/Norman_Sisisky,,1.0,0.04200000000000003,
VA05,1988.0,1988,1988,Dan Daniel,D,1988-01-23,1988-01-23,1988-06-14,1988-11-08,1988-11-08,Death,73.0,Heart attack,1.0,1988.0,100th,Dan Daniel (D),Died,Lewis Payne (D),https://en.wikipedia.org/wiki/Dan_Daniel_(politician),VA05,0.63,0.18599999999999994,
VA07,2014.0,,2014,Eric Cantor,R,,,2014-11-04,2014-11-04,,Resigned,,,,,113th,Eric Cantor (R),"Resigned August 1, 2014",Dave Brat (R),https://en.wikipedia.org/wiki/Eric_Cantor,,,,
VA07,1991.0,,1992,French Slaughter,R,,,1991-11-05,1992-11-03,,Resigned,,,,,102nd,D. French Slaughter Jr. (R),Resigned,George Allen (R),https://en.wikipedia.org/wiki/D._French_Slaughter_Jr.,,,,
WA01,2012.0,,2012,Jay Inslee,D,,,2012-11-06,2012-11-06,,Resigned,,,,,112th,Jay Inslee (D),Resigned,Suzan DelBene (D),https://en.wikipedia.org/wiki/Jay_Inslee,,,,
WI01,1993.0,,1994,Les Aspin,D,,,1993-05-04,1994-11-08,,Resigned,,,,,103rd,Les Aspin (D),Resigned,Peter Barca (D),https://en.wikipedia.org/wiki/Les_Aspin,,,,
WI04,1984.0,1984,1984,Clement J. Zablocki,D,1983-12-03,1983-12-03,1984-04-03,1984-11-06,1984-11-06,Death,71.0,Heart attack,1.0,1983.0,98th,Clement Zablocki (D),Died,Jerry Kleczka (D),https://en.wikipedia.org/wiki/Clement_J._Zablocki,WI04,0.9159999999999999,0.30199999999999994,
WI06,1979.0,1980,1980,William A,R,1978-12-04,1978-12-04,1979-04-03,1980-11-04,1980-11-04,Death,40.0,Complications following heart surgery,1.0,1978.0,96th,William A. Steiger (R),Died,Tom Petri (R),https://en.wikipedia.org/wiki/William_A._Steiger,,0.3999999999999999,0.007999999999999972,
WI07,2020.0,,2020,Sean Duffy,R,,,2020-05-12,2020-11-03,,Resigned,,,,,116th,Sean Duffy (R),"Resigned September 23, 2019",Tom Tiffany (R),https://en.wikipedia.org/wiki/Sean_Duffy,,,,
WI08,2024.0,,2024,Mike Gallagher,R,,,2024-11-05,2024-11-05,,Resigned,,,,,118th,Mike Gallagher (R),"Resigned April 24, 2024",Tony Wied (R),https://en.wikipedia.org/wiki/Mike_Gallagher_(American_politician),,,,
WV03,1980.0,1980,1980,John M. Slack Jr.,D,1980-03-17,1980-03-17,1980-04-09,1980-11-04,1980-11-04,Death,64.0,Heart attack,1.0,1980.0,96th,John M. Slack Jr. (D),Died,John G. Hutchinson (D),https://en.wikipedia.org/wiki/John_M._Slack_Jr.,WV03,0.18400000000000005,0.07599999999999994,
WY01,1989.0,,1990,Dick Cheney,R,,,1989-04-26,1990-11-06,,Resigned,,,,,101st,Dick Cheney (R),Resigned,Craig Thomas (R),https://en.wikipedia.org/wiki/Dick_Cheney,,,,
